web-scraper-order,web-scraper-start-url,link,link-href
"1675667643-33","https://www.zhihu.com/search?type=content&q=ChatGPT","ChatGPT到底有多牛逼？","https://zhuanlan.zhihu.com/p/592516939"
"1675667643-34","https://www.zhihu.com/search?type=content&q=ChatGPT","ChatGPT中文在线入口（ChatGPT怎么用）","https://zhuanlan.zhihu.com/p/593705179"
"1675667643-35","https://www.zhihu.com/search?type=content&q=ChatGPT","在国内怎么玩ChatGPT？","https://zhuanlan.zhihu.com/p/591828486"
"1675667643-36","https://www.zhihu.com/search?type=content&q=ChatGPT","ChatGPT的出现会不会导致底层程序员失业？","https://www.zhihu.com/question/570596331/answer/2792924447"
"1675667643-37","https://www.zhihu.com/search?type=content&q=ChatGPT","学校封杀，大厂禁用，ChatGPT引发大面积恐慌！","https://zhuanlan.zhihu.com/p/597278613"
"1675667643-38","https://www.zhihu.com/search?type=content&q=ChatGPT","国内那么多 AI 专业，为什么国内没有 ChatGPT？","https://www.zhihu.com/question/571387160/answer/2796104696"
"1675667643-39","https://www.zhihu.com/search?type=content&q=ChatGPT","ChatGPT能接入微信了！","https://zhuanlan.zhihu.com/p/590505058"
"1675667643-40","https://www.zhihu.com/search?type=content&q=ChatGPT","ChatGpt好用吗？可靠吗？","https://zhuanlan.zhihu.com/p/599420029"
"1675667643-41","https://www.zhihu.com/search?type=content&q=ChatGPT","ChatGPT 的出现是不是意味着强人工智能已经不是遥不可及了?","https://www.zhihu.com/question/571919681/answer/2818722485"
"1675667643-42","https://www.zhihu.com/search?type=content&q=ChatGPT","ChatGPT 这个项目会开源吗？","https://www.zhihu.com/question/571390218/answer/2797732193"
"1675667643-43","https://www.zhihu.com/search?type=content&q=ChatGPT","美国学生用 ChatGPT 写论文拿下全班最高分，如何看待这一行为？ChatGPT 会颠覆教育系统吗？","https://www.zhihu.com/question/580642633/answer/2861320894"
"1675667643-44","https://www.zhihu.com/search?type=content&q=ChatGPT","别被火爆全网的ChatGPT“骗了”","https://zhuanlan.zhihu.com/p/589864781"
"1675667643-45","https://www.zhihu.com/search?type=content&q=ChatGPT","在国内，如何玩一下chatgpt？","https://www.zhihu.com/question/570939438/answer/2801955083"
"1675667643-46","https://www.zhihu.com/search?type=content&q=ChatGPT","中国可以使用ChatGPT吗？","https://zhuanlan.zhihu.com/p/603756378"
"1675667643-47","https://www.zhihu.com/search?type=content&q=ChatGPT","用ChatGPT，赚到今年第一个100万","https://zhuanlan.zhihu.com/p/595274785"
"1675667643-48","https://www.zhihu.com/search?type=content&q=ChatGPT","ChatGPT以后会付费吗？","https://www.zhihu.com/question/570819179/answer/2858764492"
"1675667643-49","https://www.zhihu.com/search?type=content&q=ChatGPT","ChatGPT答知乎问题集锦","https://zhuanlan.zhihu.com/p/589202325"
"1675667643-50","https://www.zhihu.com/search?type=content&q=ChatGPT","国内有类似 ChatGPT 能力的模型吗？","https://www.zhihu.com/question/570713548/answer/2790292255"
"1675667643-51","https://www.zhihu.com/search?type=content&q=ChatGPT","chatgpt已经对码农造成了什么影响？","https://www.zhihu.com/question/579037511/answer/2870322248"
"1675667643-52","https://www.zhihu.com/search?type=content&q=ChatGPT","如何评价 OpenAI 推出付费版 ChatGPT Pro?","https://www.zhihu.com/question/580301521/answer/2860161764"
"1675667643-53","https://www.zhihu.com/search?type=content&q=ChatGPT","chatGPT，下一个风口！","https://zhuanlan.zhihu.com/p/603538259"
"1675667643-54","https://www.zhihu.com/search?type=content&q=ChatGPT","为什么在国外大火的chatGPT，在国内没有掀起大波澜？","https://www.zhihu.com/question/574591812/answer/2868616669"
"1675667643-55","https://www.zhihu.com/search?type=content&q=ChatGPT","为什么百度没有做出chatGPT这种产品？","https://www.zhihu.com/question/572106826/answer/2817371412"
"1675667643-56","https://www.zhihu.com/search?type=content&q=ChatGPT","ChatGPT 很火，但它到底能改变什么?","https://www.zhihu.com/question/571009463/answer/2795293043"
"1675667643-57","https://www.zhihu.com/search?type=content&q=ChatGPT","OpenAI 的超级对话模型 ChatGPT 会导致程序员大规模失业吗？","https://www.zhihu.com/question/570403406/answer/2790046400"
"1675667643-58","https://www.zhihu.com/search?type=content&q=ChatGPT","ChatGPT会淘汰哪些行业和APP？","https://www.zhihu.com/question/582392578/answer/2878831076"
"1675667643-59","https://www.zhihu.com/search?type=content&q=ChatGPT","ChatGPT 可能对人类产生哪些威胁？","https://www.zhihu.com/question/571087237/answer/2799905452"
"1675667643-60","https://www.zhihu.com/search?type=content&q=ChatGPT","国内那么多杰青优青，那么多项目，有些学者一年几十篇顶会论文，怎么做不出chatGPT这种工作？","https://www.zhihu.com/question/582144133/answer/2877286074"
"1675667643-61","https://www.zhihu.com/search?type=content&q=ChatGPT","谷歌创始人亲自下场改代码，ChatGPT让谷歌真慌了","https://zhuanlan.zhihu.com/p/603172928"
"1675667643-62","https://www.zhihu.com/search?type=content&q=ChatGPT","未来ChatGPT有可能代替医生问诊吗？","https://www.zhihu.com/question/580801093/answer/2863310975"
"1675667643-63","https://www.zhihu.com/search?type=content&q=ChatGPT","我命令 AI 聊天机器人 ChatGPT 给甲方做完了设计…","https://zhuanlan.zhihu.com/p/590589360"
"1675667643-64","https://www.zhihu.com/search?type=content&q=ChatGPT","ChatGPT连夜迭代：你老婆不好使了","https://zhuanlan.zhihu.com/p/602227373"
"1675667643-65","https://www.zhihu.com/search?type=content&q=ChatGPT","如何看待ChatGPT开始收费？专业版每月42美元，这个价格定位可以接受吗？","https://www.zhihu.com/question/580195832/answer/2879214968"
"1675667643-66","https://www.zhihu.com/search?type=content&q=ChatGPT","以 ChatGPT 为代表的「大模型」会是多大的技术革命？如果要发生技术革命需要具备哪些条件？","https://www.zhihu.com/question/581311491/answer/2870639893"
"1675667643-67","https://www.zhihu.com/search?type=content&q=ChatGPT","注册不了ChatGPT？没关系，这里还有8个“平替”","https://zhuanlan.zhihu.com/p/594185963"
"1675667643-68","https://www.zhihu.com/search?type=content&q=ChatGPT","推荐一个方便好用的 ChatGPT 客户端","https://zhuanlan.zhihu.com/p/595639450"
"1675667643-69","https://www.zhihu.com/search?type=content&q=ChatGPT","爆火的ChatGPT，被小学生打败了","https://zhuanlan.zhihu.com/p/589731746"
"1675667643-70","https://www.zhihu.com/search?type=content&q=ChatGPT","最近大火的chatGPT，到底是个啥？附体验方法","https://zhuanlan.zhihu.com/p/594365281"
"1675667643-71","https://www.zhihu.com/search?type=content&q=ChatGPT","如果问ChatGPT“如何证明任何大于2的偶数都可以拆成两个素数之和”，会怎么样？","https://www.zhihu.com/question/571445961/answer/2794886633"
"1675667643-72","https://www.zhihu.com/search?type=content&q=ChatGPT","如何让chatgpt假装成我的女友?","https://www.zhihu.com/question/580758293/answer/2862334074"
"1675667643-73","https://www.zhihu.com/search?type=content&q=ChatGPT","ChatGPT恐怖的讲故事能力","https://zhuanlan.zhihu.com/p/589369964"
"1675667643-74","https://www.zhihu.com/search?type=content&q=ChatGPT","微软产品将全线接入 ChatGPT，包括 Bing 以及 Office「全家桶」，将产生哪些影响？","https://www.zhihu.com/question/582312398/answer/2879096129"
"1675667643-75","https://www.zhihu.com/search?type=content&q=ChatGPT","为什么ChatGPT这么强？—— 一文读懂ChatGPT原理！","https://zhuanlan.zhihu.com/p/590220208"
"1675667643-76","https://www.zhihu.com/search?type=content&q=ChatGPT","有没有中国版的chatGPT?","https://www.zhihu.com/question/576529182/answer/2879043885"
"1675667643-77","https://www.zhihu.com/search?type=content&q=ChatGPT","微软宣布全线整合 ChatGPT，将带来哪些影响？","https://www.zhihu.com/question/581818681/answer/2876614269"
"1675667643-78","https://www.zhihu.com/search?type=content&q=ChatGPT","ChatGPT 离真正的商业化落地还有多远？","https://www.zhihu.com/question/578492084/answer/2871426291"
"1675667643-79","https://www.zhihu.com/search?type=content&q=ChatGPT","目前ChatGPT 已应用到论文写作、剧本创作、媒体内容生产，是解放生产力的机会还是被AI支配的开始？","https://www.zhihu.com/question/581304464/answer/2869056137"
"1675667643-80","https://www.zhihu.com/search?type=content&q=ChatGPT","当ChatGPT遇上弱智吧…","https://zhuanlan.zhihu.com/p/593807819"
"1675667643-81","https://www.zhihu.com/search?type=content&q=ChatGPT","ChatGPT下载、注册教程(含傻瓜版）","https://zhuanlan.zhihu.com/p/603019683"
"1675667643-82","https://www.zhihu.com/search?type=content&q=ChatGPT","你怎么看待ChatGPT？","https://www.zhihu.com/question/582079580/answer/2878110314"
"1675667643-83","https://www.zhihu.com/search?type=content&q=ChatGPT","ChatGPT连夜迭代：提“老婆”不好使了！","https://zhuanlan.zhihu.com/p/603872522"
"1675667643-84","https://www.zhihu.com/search?type=content&q=ChatGPT","没必要对chatgpt大惊小怪","https://zhuanlan.zhihu.com/p/603871812"
"1675667643-85","https://www.zhihu.com/search?type=content&q=ChatGPT","chatGPT拯救了我的期末考","https://zhuanlan.zhihu.com/p/592706418"
"1675667643-86","https://www.zhihu.com/search?type=content&q=ChatGPT","新晋网红ChatGPT，是我见过嘴最硬的AI","https://zhuanlan.zhihu.com/p/590166930"
"1675667643-87","https://www.zhihu.com/search?type=content&q=ChatGPT","ChatGPT都有些什么好玩的玩法？","https://www.zhihu.com/question/571619870/answer/2869900651"
"1675667643-88","https://www.zhihu.com/search?type=content&q=ChatGPT","有没有可能ChatGPT是人类在背后假扮的？","https://www.zhihu.com/question/571820396/answer/2797583617"
"1675667643-89","https://www.zhihu.com/search?type=content&q=ChatGPT","为什么ChatGPT生成中文的速度比英文慢很多？","https://www.zhihu.com/question/572265386/answer/2860960803"
"1675667643-90","https://www.zhihu.com/search?type=content&q=ChatGPT","小试牛刀用ChatGPT写三角套利策略","https://zhuanlan.zhihu.com/p/589427714"
"1675667643-91","https://www.zhihu.com/search?type=content&q=ChatGPT","有点牛啊！终于用上ChatGPT了。。。","https://zhuanlan.zhihu.com/p/591014503"
"1675667643-92","https://www.zhihu.com/search?type=content&q=ChatGPT","OpenAI的超级对话模型ChatGPT对知乎会造成怎样的冲击？","https://www.zhihu.com/question/570788924/answer/2791146094"
"1675667643-93","https://www.zhihu.com/search?type=content&q=ChatGPT","如何看待OpenAI发布的ChatGPT订阅服务ChatGPT Plus（20$/月）？","https://www.zhihu.com/question/581821187/answer/2879207075"
"1675667643-94","https://www.zhihu.com/search?type=content&q=ChatGPT","清华计算机教授称 ChatGPT 对话水平已超过 9 成人类，这有哪些重大意义？","https://www.zhihu.com/question/582209155/answer/2878631907"
"1675667643-95","https://www.zhihu.com/search?type=content&q=ChatGPT","如何辨别假ChatGPT网站？","https://zhuanlan.zhihu.com/p/603881982"
"1675667643-96","https://www.zhihu.com/search?type=content&q=ChatGPT","ChatGPT来了，我们怎么办？","https://zhuanlan.zhihu.com/p/603895921"
"1675667643-97","https://www.zhihu.com/search?type=content&q=ChatGPT","Gmail之父：有了ChatGPT，搜索引擎活不过两年了","https://zhuanlan.zhihu.com/p/603795634"
"1675667643-98","https://www.zhihu.com/search?type=content&q=ChatGPT","聊天机器人 ChatGPT 在诱导下写出「毁灭人类计划书」，并给出代码，AI 发展有哪些问题需关注？","https://www.zhihu.com/question/570520300/answer/2790748161"
"1675667643-99","https://www.zhihu.com/search?type=content&q=ChatGPT","什么是ChatGPT？","https://zhuanlan.zhihu.com/p/603892751"
"1675667643-100","https://www.zhihu.com/search?type=content&q=ChatGPT","ChatGPT 怎么用最新详细教程-新手小白一看就会","https://zhuanlan.zhihu.com/p/603861152"
"1675667643-101","https://www.zhihu.com/search?type=content&q=ChatGPT","ChatGPT在线使用教程，ChatGPT 体验 就来Fanbook~","https://zhuanlan.zhihu.com/p/603888789"
"1675667643-102","https://www.zhihu.com/search?type=content&q=ChatGPT","如何使用 ChatGPT 写出真的能用的工作汇报？","https://www.zhihu.com/question/575483456/answer/2878633223"
"1675667643-103","https://www.zhihu.com/search?type=content&q=ChatGPT","ChatGPT新时代序幕飙升","https://zhuanlan.zhihu.com/p/603569913"
"1675667643-104","https://www.zhihu.com/search?type=content&q=ChatGPT","ChatGPT是如何一本正经地胡说八道的？","https://zhuanlan.zhihu.com/p/589563783"
"1675667643-105","https://www.zhihu.com/search?type=content&q=ChatGPT","为什么chatgpt的上下文连续对话能力得到了大幅度提升？","https://www.zhihu.com/question/575481512/answer/2852937178"
"1675667643-106","https://www.zhihu.com/search?type=content&q=ChatGPT","如何打破 ChatGPT 的思想钢印","https://zhuanlan.zhihu.com/p/590701155"
"1675667643-107","https://www.zhihu.com/search?type=content&q=ChatGPT","Chrome浏览器竟然可以用ChatGPT了！","https://zhuanlan.zhihu.com/p/591347781"
"1675667643-108","https://www.zhihu.com/search?type=content&q=ChatGPT","再也不能用ChatGPT写作业了！新算法给AI生成文本加水印，置信度高达99.999999999994%","https://zhuanlan.zhihu.com/p/603419633"
"1675667643-109","https://www.zhihu.com/search?type=content&q=ChatGPT","ChatGPT会取代搜索引擎吗","https://zhuanlan.zhihu.com/p/589533490"
"1675667643-110","https://www.zhihu.com/search?type=content&q=ChatGPT","教ChatGPT学会看图的方法来了","https://zhuanlan.zhihu.com/p/603814987"
"1675667643-111","https://www.zhihu.com/search?type=content&q=ChatGPT","最近被ChatGPT模型刷屏，许多大公司纷纷引入，关于ChatGPT你了解吗？","https://www.zhihu.com/question/582391675/answer/2879259243"
"1675667643-112","https://www.zhihu.com/search?type=content&q=ChatGPT","使用chatGPT在线对话的时候，比较长的答案每次都说一半就结束了，不完整是为什么？","https://www.zhihu.com/question/573381722/answer/2809901194"
"1675667643-113","https://www.zhihu.com/search?type=content&q=ChatGPT","ChatGPT 注册详细指南｜图文教程","https://zhuanlan.zhihu.com/p/603716470"
"1675667643-114","https://www.zhihu.com/search?type=content&q=ChatGPT","一大波 ChatGPT 开源项目，诞生了！","https://zhuanlan.zhihu.com/p/590595246"
"1675667643-115","https://www.zhihu.com/search?type=content&q=ChatGPT","Chat GPT有多高的技术壁垒？国内外除了OpenAI还有谁可以做到类似程度？ ?","https://www.zhihu.com/question/581806122/answer/2876949577"
"1675667643-116","https://www.zhihu.com/search?type=content&q=ChatGPT","ChatGPT Pro(Plus)付费版正式推出，不想排队怎么办？","https://zhuanlan.zhihu.com/p/603512232"
"1675667643-117","https://www.zhihu.com/search?type=content&q=ChatGPT","ChatGPT 的 10 种玩法","https://zhuanlan.zhihu.com/p/603234737"
"1675667643-118","https://www.zhihu.com/search?type=content&q=ChatGPT","实测chatGPT在药学领域应用","https://zhuanlan.zhihu.com/p/603899051"
"1675667643-119","https://www.zhihu.com/search?type=content&q=ChatGPT","A Closer Look at ChatGPT","https://zhuanlan.zhihu.com/p/603871569"
"1675667643-120","https://www.zhihu.com/search?type=content&q=ChatGPT","ChatGPT概念股最全名单","https://zhuanlan.zhihu.com/p/603825833"
"1675667643-121","https://www.zhihu.com/search?type=content&q=ChatGPT","chatGPT：半吊子程序员的救星！","https://zhuanlan.zhihu.com/p/603738362"
"1675667643-122","https://www.zhihu.com/search?type=content&q=ChatGPT","【2023.2】继续谈ChatGPT（3）","https://zhuanlan.zhihu.com/p/603874332"
"1675667643-123","https://www.zhihu.com/search?type=content&q=ChatGPT","ChatGPT未来已来","https://zhuanlan.zhihu.com/p/603836473"
"1675667643-124","https://www.zhihu.com/search?type=content&q=ChatGPT","ChatGPT 推出 60 天月活 1 亿，现已推出付费版，每月 20 美元，它有哪些商业化应用场景？","https://www.zhihu.com/question/581872941/answer/2873953864"
"1675667643-125","https://www.zhihu.com/search?type=content&q=ChatGPT","中国的ChatGPT在哪里？国内哪家公司能将对话AI技术做到ChatGPT的水平？","https://www.zhihu.com/question/570406559/answer/2789832099"
"1675667643-126","https://www.zhihu.com/search?type=content&q=ChatGPT","AI 真要成精了？ChatGPT 上手体验","https://zhuanlan.zhihu.com/p/589318426"
"1675667643-127","https://www.zhihu.com/search?type=content&q=ChatGPT","ChatGPT让游戏NPC活了！交流不再靠选项，问什么答什么，网友直呼童年梦想成真","https://zhuanlan.zhihu.com/p/600362234"
"1675667643-128","https://www.zhihu.com/search?type=content&q=ChatGPT","chatGPT这个风口，普通人怎么抓住？","https://www.zhihu.com/question/582326598/answer/2878760230"
"1675667643-129","https://www.zhihu.com/search?type=content&q=ChatGPT","最近被chatGPT和AlphaFold2惊艳到了，产生如下问题，请畅所欲言，谢谢?","https://www.zhihu.com/question/580085374/answer/2863400783"
"1675667643-130","https://www.zhihu.com/search?type=content&q=ChatGPT","微软杀疯了！全家桶嵌入ChatGPT，云平台Azure强到发指","https://zhuanlan.zhihu.com/p/599861133"
"1675667643-131","https://www.zhihu.com/search?type=content&q=ChatGPT","假如我给ChatGPT泼冷水，说说不足和担忧","https://zhuanlan.zhihu.com/p/602024139"
"1675667643-132","https://www.zhihu.com/search?type=content&q=ChatGPT","ChatGPT「克星」来了！文章作者是人是AI几秒检出，服务器已挤爆","https://zhuanlan.zhihu.com/p/597456676"
"1675667643-133","https://www.zhihu.com/search?type=content&q=ChatGPT","60天月活破亿，ChatGPT之父传奇：16岁出柜，20岁和男友一同当上CEO","https://zhuanlan.zhihu.com/p/603157816"
"1675667643-134","https://www.zhihu.com/search?type=content&q=ChatGPT","ChatGPT是有点中文在身上的：鲁迅、脱口秀甚至世界杯…都被玩宕机了","https://zhuanlan.zhihu.com/p/589629239"
"1675667643-135","https://www.zhihu.com/search?type=content&q=ChatGPT","全球爆红的 ChatGPT 是如何诞生的？ChatGPT 的出现给商业巨头带来了哪些冲击和变革？","https://www.zhihu.com/question/581583010/answer/2871988534"
"1675667643-136","https://www.zhihu.com/search?type=content&q=ChatGPT","ChatGPT 的训练集来自哪里？","https://www.zhihu.com/question/570431477/answer/2792494346"
"1675667643-137","https://www.zhihu.com/search?type=content&q=ChatGPT","ChatGPT是什么","https://zhuanlan.zhihu.com/p/603754265"
"1675667643-138","https://www.zhihu.com/search?type=content&q=ChatGPT","chatgpt会颠覆网文行业嘛？","https://www.zhihu.com/question/582276511/answer/2877820101"
"1675667643-139","https://www.zhihu.com/search?type=content&q=ChatGPT","ChatGPT很性感，但更危险","https://zhuanlan.zhihu.com/p/590619549"
"1675667643-140","https://www.zhihu.com/search?type=content&q=ChatGPT","关于chatGPT的初步体验与介绍","https://zhuanlan.zhihu.com/p/603870108"
"1675667643-141","https://www.zhihu.com/search?type=content&q=ChatGPT","为什么 ChatGPT 能够引发轰动？它在技术上与此前的人工智能产品有哪些不同？","https://www.zhihu.com/question/571422186/answer/2796881761"
"1675667643-142","https://www.zhihu.com/search?type=content&q=ChatGPT","ChatGPT使用技巧汇总(随时更新)","https://zhuanlan.zhihu.com/p/590970629"
"1675667643-143","https://www.zhihu.com/search?type=content&q=ChatGPT","可不可以将ChatGPT生成的内容在放在CSDN上？","https://www.zhihu.com/question/572102382/answer/2800076937"
"1675667643-144","https://www.zhihu.com/search?type=content&q=ChatGPT","火爆全网的chatgpt国内版目前最好用的","https://zhuanlan.zhihu.com/p/599572121"
"1675667643-145","https://www.zhihu.com/search?type=content&q=ChatGPT","网传百度计划 3 月推出国产版 ChatGPT ，将会对传统搜索引擎带来什么影响？","https://www.zhihu.com/question/581347153/answer/2869400852"
"1675667643-146","https://www.zhihu.com/search?type=content&q=ChatGPT","大家怎么看ChatGPT被Stack Overflow给禁了？","https://www.zhihu.com/question/570951234/answer/2796592342"
"1675667643-147","https://www.zhihu.com/search?type=content&q=ChatGPT","有没有ml，nlp方面的大佬说说对chatgpt的看法？","https://www.zhihu.com/question/580504936/answer/2862376868"
"1675667643-148","https://www.zhihu.com/search?type=content&q=ChatGPT","理工科神器Wolfram|Alpha注入超强计算知识，补足ChatGPT短板","https://zhuanlan.zhihu.com/p/601359719"
"1675667643-149","https://www.zhihu.com/search?type=content&q=ChatGPT","ChatGPT使用指南-手把手教你Chat with ChatGPT!OpenAI最新对话模型-强的离谱，Google要完？","https://zhuanlan.zhihu.com/p/589201080"
"1675667643-150","https://www.zhihu.com/search?type=content&q=ChatGPT","试用ChatGPT有感：一个新时代正拉开序幕。","https://zhuanlan.zhihu.com/p/603634796"
"1675667643-151","https://www.zhihu.com/search?type=content&q=ChatGPT","「ChatGPT克星」升级：老师可以把全班作业丢进去检测了！华人作者：免费用","https://zhuanlan.zhihu.com/p/602235348"
"1675667643-152","https://www.zhihu.com/search?type=content&q=ChatGPT","ChatGPT 模型有哪些缺陷和不足，改进的方向？","https://www.zhihu.com/question/570990253/answer/2791626253"
"1675667643-153","https://www.zhihu.com/search?type=content&q=ChatGPT","ChatGPT原班人马成立的公司，被谷歌紧急投了4亿美元","https://zhuanlan.zhihu.com/p/603621519"
"1675667643-154","https://www.zhihu.com/search?type=content&q=ChatGPT","ChatGPT在电磁领域的能力到底有多强？","https://zhuanlan.zhihu.com/p/601994460"
"1675667643-155","https://www.zhihu.com/search?type=content&q=ChatGPT","AI扮演Linux虚拟机，能管理文件&编程&开浏览器，还能跟自己「套娃」聊天 | ChatGPT新玩法","https://zhuanlan.zhihu.com/p/589071581"
"1675667643-156","https://www.zhihu.com/search?type=content&q=ChatGPT","ChatGPT官方鉴别器紧急发布！当代自相矛盾，不想却遭遇群嘲","https://zhuanlan.zhihu.com/p/602524838"
"1675667643-157","https://www.zhihu.com/search?type=content&q=ChatGPT","ChatGPT原理是什么","https://zhuanlan.zhihu.com/p/603756239"
"1675667643-158","https://www.zhihu.com/search?type=content&q=ChatGPT","如何在中国区注册OpenAI账号ChatGPT指南 [图文教程]","https://zhuanlan.zhihu.com/p/603275391"
"1675667643-159","https://www.zhihu.com/search?type=content&q=ChatGPT","每周趣闻 | ChatGPT爆火，资本市场狂欢","https://zhuanlan.zhihu.com/p/603866915"
"1675667643-160","https://www.zhihu.com/search?type=content&q=ChatGPT","ChatGPT会有国内版本和单机版吗？","https://www.zhihu.com/question/580376712/answer/2872292722"
"1675667643-161","https://www.zhihu.com/search?type=content&q=ChatGPT","分享几个 ChatGPT 催眠 AI 的工具网站","https://zhuanlan.zhihu.com/p/590069040"
"1675667643-162","https://www.zhihu.com/search?type=content&q=ChatGPT","为什么说微软下个十年的想象力藏在 ChatGPT 里？","https://www.zhihu.com/question/581464703/answer/2878630587"
"1675667643-163","https://www.zhihu.com/search?type=content&q=ChatGPT","ChatGPT Is All you Need","https://zhuanlan.zhihu.com/p/603497653"
"1675667643-164","https://www.zhihu.com/search?type=content&q=ChatGPT","从零实现ChatGPT——RLHF技术笔记","https://zhuanlan.zhihu.com/p/591474085"
"1675667643-165","https://www.zhihu.com/search?type=content&q=ChatGPT","ChatGPT 背后消耗的是什么资源？硬件或者软件？","https://www.zhihu.com/question/582041586/answer/2878516321"
"1675667643-166","https://www.zhihu.com/search?type=content&q=ChatGPT","ChatGPT发明「史莱姆语」，词汇语法规则全都有，还配了「史翻英」Python代码","https://zhuanlan.zhihu.com/p/589915771"
"1675667643-167","https://www.zhihu.com/search?type=content&q=ChatGPT","微软AI聊天机器人ChatGPT就是个废物，你怎么看？","https://www.zhihu.com/question/581825806/answer/2872402718"
"1675667643-168","https://www.zhihu.com/search?type=content&q=ChatGPT","ChatGPT 截至 2023 年 1 月其月活跃用户估计已达 1 亿，这一数据说明了什么？","https://www.zhihu.com/question/581802648/answer/2874145820"
"1675667643-169","https://www.zhihu.com/search?type=content&q=ChatGPT","怎么样检测论文是否是由ChatGPT写的?","https://www.zhihu.com/question/577494357/answer/2858813241"
"1675667643-170","https://www.zhihu.com/search?type=content&q=ChatGPT","使用 ChatGPT 完成简繁转换","https://zhuanlan.zhihu.com/p/589230684"
"1675667643-171","https://www.zhihu.com/search?type=content&q=ChatGPT","我们开发了第一款中英双语ChatGPT检测器，还有...","https://zhuanlan.zhihu.com/p/598395917"
"1675667643-172","https://www.zhihu.com/search?type=content&q=ChatGPT","ChatGPT与数学优化","https://zhuanlan.zhihu.com/p/602652509"
"1675667643-173","https://www.zhihu.com/search?type=content&q=ChatGPT","ChatGPT在内容创作行业，依据现有的法律，它创作的内容是否享有著作权？如不能，如何界定内容的归属？","https://www.zhihu.com/question/581307773/answer/2873135253"
"1675667643-174","https://www.zhihu.com/search?type=content&q=ChatGPT","A股ChatGPT概念股梳理（收藏）","https://zhuanlan.zhihu.com/p/602440075"
"1675667643-175","https://www.zhihu.com/search?type=content&q=ChatGPT","如何评价chatgpt?你感觉它会在哪些方面提高我们的效率？","https://www.zhihu.com/question/572325669/answer/2815593751"
"1675667643-176","https://www.zhihu.com/search?type=content&q=ChatGPT","ChatGPT会给世界带来什么？","https://zhuanlan.zhihu.com/p/603874898"
"1675667643-177","https://www.zhihu.com/search?type=content&q=ChatGPT","chatgpt的未来应用？","https://zhuanlan.zhihu.com/p/603869280"
"1675667643-178","https://www.zhihu.com/search?type=content&q=ChatGPT","抱抱脸：ChatGPT背后的算法——RLHF | 附12篇RLHF必刷论文","https://zhuanlan.zhihu.com/p/592671478"
"1675667643-179","https://www.zhihu.com/search?type=content&q=ChatGPT","600 个人站一排，每次随机杀掉一个奇数位的人，几号最安全？","https://www.zhihu.com/question/55445739/answer/2785885295"
"1675667643-180","https://www.zhihu.com/search?type=content&q=ChatGPT","ChatGPT概念有哪些股票可以关注？","https://www.zhihu.com/question/581854293/answer/2877403632"
"1675667643-181","https://www.zhihu.com/search?type=content&q=ChatGPT","与ChatGPT聊天，只需简单两步>>","https://zhuanlan.zhihu.com/p/603807373"
"1675667643-182","https://www.zhihu.com/search?type=content&q=ChatGPT","OpenAI ChatGPT注册保姆级攻略，绝对有效","https://zhuanlan.zhihu.com/p/589642999"
"1675667643-183","https://www.zhihu.com/search?type=content&q=ChatGPT","chatgpt官网是什么?chatgpt国内能用吗?","https://zhuanlan.zhihu.com/p/602766835"
"1675667643-184","https://www.zhihu.com/search?type=content&q=ChatGPT","最近超火的ChatGPT，中文版VSCode插件来了！","https://zhuanlan.zhihu.com/p/590858829"
"1675667643-185","https://www.zhihu.com/search?type=content&q=ChatGPT","ChatGPT偷家：Stack Overflow正被程序员抛弃，访问量一个月骤降3200W","https://zhuanlan.zhihu.com/p/602818608"
"1675667643-186","https://www.zhihu.com/search?type=content&q=ChatGPT","Yann LeCun：ChatGPT缺乏创新，没什么革命性；网友：早点离开Meta做出点突破吧","https://zhuanlan.zhihu.com/p/601182745"
"1675667643-187","https://www.zhihu.com/search?type=content&q=ChatGPT","有哪些免费或者付费稳定好用的chatgpt中文服务？","https://www.zhihu.com/question/577540847/answer/2878418592"
"1675667643-188","https://www.zhihu.com/search?type=content&q=ChatGPT","谷歌最高优先级项目曝光：下一代AI搜索，誓要打败ChatGPT","https://zhuanlan.zhihu.com/p/602865627"
"1675667643-189","https://www.zhihu.com/search?type=content&q=ChatGPT","OpenAI发布最新最强大的AI对话系统——GPT3.5微调的产物ChatGPT","https://zhuanlan.zhihu.com/p/588471369"
"1675667643-190","https://www.zhihu.com/search?type=content&q=ChatGPT","现在还有没有能用的ChatGpt？","https://www.zhihu.com/question/578127843/answer/2870818945"
"1675667643-191","https://www.zhihu.com/search?type=content&q=ChatGPT","斯坦福推出新算法严查 ChatGPT 代写论文，你对此怎么看？","https://www.zhihu.com/question/581531522/answer/2874633503"
"1675667643-192","https://www.zhihu.com/search?type=content&q=ChatGPT","美版头条ChatGPT上岗写稿消息一出，股价暴涨119%，此前刚裁员12%","https://zhuanlan.zhihu.com/p/601197968"
"1675667643-193","https://www.zhihu.com/search?type=content&q=ChatGPT","玩转ChatGPT系列——让ChatGPT帮你快速了解一个领域","https://zhuanlan.zhihu.com/p/602692960"
"1675667643-194","https://www.zhihu.com/search?type=content&q=ChatGPT","ChatGPT算法原理","https://zhuanlan.zhihu.com/p/603756758"
"1675667643-195","https://www.zhihu.com/search?type=content&q=ChatGPT","ChatGPT能否帮助人类进行哲学思考和研究？","https://www.zhihu.com/question/582041292/answer/2875544074"
"1675667643-196","https://www.zhihu.com/search?type=content&q=ChatGPT","初步了解ChatGPT","https://zhuanlan.zhihu.com/p/603826429"
"1675667643-197","https://www.zhihu.com/search?type=content&q=ChatGPT","Google LaMDA 和 OpenAI ChatGPT 哪个更强大？","https://www.zhihu.com/question/570342538/answer/2786688375"
"1675667643-198","https://www.zhihu.com/search?type=content&q=ChatGPT","为什么ChatGPT能轻而易举地回答计算机问题，但面对生化环材等自然科学的问题却一派胡言？","https://www.zhihu.com/question/571463360/answer/2797373697"
"1675667643-199","https://www.zhihu.com/search?type=content&q=ChatGPT","2022年度小结：科研、ChatGPT与疫情","https://zhuanlan.zhihu.com/p/594107879"
"1675667643-200","https://www.zhihu.com/search?type=content&q=ChatGPT","图灵奖得主LeCun评ChatGPT不算创新，被网友骂柠檬精","https://zhuanlan.zhihu.com/p/600880661"
"1675667643-201","https://www.zhihu.com/search?type=content&q=ChatGPT","颠覆蛋白设计，生物界的ChatGPT要来了？","https://zhuanlan.zhihu.com/p/601463450"
"1675667643-202","https://www.zhihu.com/search?type=content&q=ChatGPT","chatgpt横空出世引发的一些思考","https://zhuanlan.zhihu.com/p/600657790"
"1675667643-203","https://www.zhihu.com/search?type=content&q=ChatGPT","ChatGPT发展多久才能拥有你的水平？","https://www.zhihu.com/question/582421050/answer/2879008854"
"1675667643-204","https://www.zhihu.com/search?type=content&q=ChatGPT","ChatGPT 5天用户破百万，却突遭Stack Overflow封禁","https://zhuanlan.zhihu.com/p/589713538"
"1675667643-205","https://www.zhihu.com/search?type=content&q=ChatGPT","再论chatgpt-不温柔的《her》","https://zhuanlan.zhihu.com/p/603794401"
"1675667643-206","https://www.zhihu.com/search?type=content&q=ChatGPT","ChatGPT能否引发第五次科技革命？它在你的领域带来了哪些颠覆性的变化？","https://www.zhihu.com/question/581952618/answer/2874144893"
"1675667643-207","https://www.zhihu.com/search?type=content&q=ChatGPT","ChatGPT在金融行业如何取代你的岗位","https://zhuanlan.zhihu.com/p/603590345"
"1675667643-208","https://www.zhihu.com/search?type=content&q=ChatGPT","FRL | ChatGPT 用于（金融）研究：Bananarama猜想","https://zhuanlan.zhihu.com/p/601790462"
"1675667643-209","https://www.zhihu.com/search?type=content&q=ChatGPT","对标ChatGPT，新聊天机器人Claude来了","https://zhuanlan.zhihu.com/p/603288093"
"1675667643-210","https://www.zhihu.com/search?type=content&q=ChatGPT","国内首个 ChatGPT 检测器发布，它是如何区别人类与 AI 的？我们还能做什么？","https://www.zhihu.com/question/578268304/answer/2852902927"
"1675667643-211","https://www.zhihu.com/search?type=content&q=ChatGPT","ChatGPT is not all you need，一文综述6大公司9类生成式AI模型","https://zhuanlan.zhihu.com/p/602251666"
